Prefix,Designation,WHOIS,RDAP,Status [1]
0,IANA - Local Identification,,,RESERVED
1,APNIC,whois.apnic.net,https://rdap.apnic.net/,ALLOCATED
2,RIPE NCC,whois.ripe.net,https://rdap.db.ripe.net/,ALLOCATED
3,General Electric Company,whois.arin.net,https://rdap.arin.net/registryhttp://rdap.arin.net/registry,LEGACY
4,Level 3 Communications Inc.,whois.arin.net,https://rdap.arin.net/registryhttp://rdap.arin.net/registry,LEGACY
5,RIPE NCC,whois.ripe.net,https://rdap.db.ripe.net/,ALLOCATED
6,Army Information Systems Center,whois.arin.net,https://rdap.arin.net/registryhttp://rdap.arin.net/registry,LEGACY
7,ARIN,whois.arin.net,https://rdap.arin.net/registryhttp://rdap.arin.net/registry,LEGACY
8,Level 3 Communications Inc.,whois.arin.net,https://rdap.arin.net/registryhttp://rdap.arin.net/registry,LEGACY
9,IBM,whois.arin.net,https://rdap.arin.net/registryhttp://rdap.arin.net/registry,LEGACY
10,IANA - Private Use,,,RESERVED
11,DoD Intel Information Systems,whois.arin.net,https://rdap.arin.net/registryhttp://rdap.arin.net/registry,LEGACY
12,AT&T Bell Laboratories,whois.arin.net,https://rdap.arin.net/registryhttp://rdap.arin.net/registry,LEGACY
13,ARIN,whois.arin.net,https://rdap.arin.net/registryhttp://rdap.arin.net/registry,LEGACY
14,APNIC,whois.apnic.net,https://rdap.apnic.net/,ALLOCATED
15,Hewlett-Packard Company,whois.arin.net,https://rdap.arin.net/registryhttp://rdap.arin.net/registry,LEGACY
16,Digital Equipment Corporation,whois.arin.net,https://rdap.arin.net/registryhttp://rdap.arin.net/registry,LEGACY
17,Apple Computer Inc.,whois.arin.net,https://rdap.arin.net/registryhttp://rdap.arin.net/registry,LEGACY
18,MIT,whois.arin.net,https://rdap.arin.net/registryhttp://rdap.arin.net/registry,LEGACY
19,Ford Motor Company,whois.arin.net,https://rdap.arin.net/registryhttp://rdap.arin.net/registry,LEGACY
20,ARIN,whois.arin.net,https://rdap.arin.net/registryhttp://rdap.arin.net/registry,LEGACY
21,DDN-RVN,whois.arin.net,https://rdap.arin.net/registryhttp://rdap.arin.net/registry,LEGACY
22,Defense Information Systems Agency,whois.arin.net,https://rdap.arin.net/registryhttp://rdap.arin.net/registry,LEGACY
23,ARIN,whois.arin.net,https://rdap.arin.net/registryhttp://rdap.arin.net/registry,ALLOCATED
24,ARIN,whois.arin.net,https://rdap.arin.net/registryhttp://rdap.arin.net/registry,ALLOCATED
25,UK Ministry of Defence,whois.ripe.net,https://rdap.db.ripe.net/,LEGACY
26,Defense Information Systems Agency,whois.arin.net,https://rdap.arin.net/registryhttp://rdap.arin.net/registry,LEGACY
27,APNIC,whois.apnic.net,https://rdap.apnic.net/,ALLOCATED
28,DSI-North,whois.arin.net,https://rdap.arin.net/registryhttp://rdap.arin.net/registry,LEGACY
29,Defense Information Systems Agency,whois.arin.net,https://rdap.arin.net/registryhttp://rdap.arin.net/registry,LEGACY
30,Defense Information Systems Agency,whois.arin.net,https://rdap.arin.net/registryhttp://rdap.arin.net/registry,LEGACY
31,RIPE NCC,whois.ripe.net,https://rdap.db.ripe.net/,ALLOCATED
32,ARIN,whois.arin.net,https://rdap.arin.net/registryhttp://rdap.arin.net/registry,LEGACY
33,DLA Systems Automation Center,whois.arin.net,https://rdap.arin.net/registryhttp://rdap.arin.net/registry,LEGACY
34,ARIN,whois.arin.net,https://rdap.arin.net/registryhttp://rdap.arin.net/registry,LEGACY
35,ARIN,whois.arin.net,https://rdap.arin.net/registryhttp://rdap.arin.net/registry,LEGACY
36,APNIC,whois.apnic.net,https://rdap.apnic.net/,ALLOCATED
37,RIPE NCC,whois.ripe.net,https://rdap.db.ripe.net/,ALLOCATED
38,PSINet Inc.,whois.arin.net,https://rdap.arin.net/registryhttp://rdap.arin.net/registry,LEGACY
39,APNIC,whois.apnic.net,https://rdap.apnic.net/,ALLOCATED
40,ARIN,whois.arin.net,https://rdap.arin.net/registryhttp://rdap.arin.net/registry,LEGACY
41,AFRINIC,whois.afrinic.net,https://rdap.afrinic.net/rdap/http://rdap.afrinic.net/rdap/,ALLOCATED
42,APNIC,whois.apnic.net,https://rdap.apnic.net/,ALLOCATED
43,APNIC,whois.apnic.net,https://rdap.apnic.net/,LEGACY
44,Amateur Radio Digital Communications,whois.arin.net,https://rdap.arin.net/registryhttp://rdap.arin.net/registry,LEGACY
45,ARIN,whois.arin.net,https://rdap.arin.net/registryhttp://rdap.arin.net/registry,LEGACY
46,RIPE NCC,whois.ripe.net,https://rdap.db.ripe.net/,ALLOCATED
47,ARIN,whois.arin.net,https://rdap.arin.net/registryhttp://rdap.arin.net/registry,LEGACY
48,Prudential Securities Inc.,whois.arin.net,https://rdap.arin.net/registryhttp://rdap.arin.net/registry,LEGACY
49,APNIC,whois.apnic.net,https://rdap.apnic.net/,ALLOCATED
50,ARIN,whois.arin.net,https://rdap.arin.net/registryhttp://rdap.arin.net/registry,ALLOCATED
51,RIPE NCC,whois.ripe.net,https://rdap.db.ripe.net/,LEGACY
52,ARIN,whois.arin.net,https://rdap.arin.net/registryhttp://rdap.arin.net/registry,LEGACY
53,Daimler AG,whois.ripe.net,https://rdap.db.ripe.net/,LEGACY
54,ARIN,whois.arin.net,https://rdap.arin.net/registryhttp://rdap.arin.net/registry,LEGACY
55,DoD Network Information Center,whois.arin.net,https://rdap.arin.net/registryhttp://rdap.arin.net/registry,LEGACY
56,US Postal Service,whois.arin.net,https://rdap.arin.net/registryhttp://rdap.arin.net/registry,LEGACY
57,Societe Internationale de Telecommunications Aeronautiques S.C.R.L.,whois.ripe.net,https://rdap.db.ripe.net/,LEGACY
58,APNIC,whois.apnic.net,https://rdap.apnic.net/,ALLOCATED
59,APNIC,whois.apnic.net,https://rdap.apnic.net/,ALLOCATED
60,APNIC,whois.apnic.net,https://rdap.apnic.net/,ALLOCATED
61,APNIC,whois.apnic.net,https://rdap.apnic.net/,ALLOCATED
62,RIPE NCC,whois.ripe.net,https://rdap.db.ripe.net/,ALLOCATED
63,ARIN,whois.arin.net,https://rdap.arin.net/registryhttp://rdap.arin.net/registry,ALLOCATED
64,ARIN,whois.arin.net,https://rdap.arin.net/registryhttp://rdap.arin.net/registry,ALLOCATED
65,ARIN,whois.arin.net,https://rdap.arin.net/registryhttp://rdap.arin.net/registry,ALLOCATED
66,ARIN,whois.arin.net,https://rdap.arin.net/registryhttp://rdap.arin.net/registry,ALLOCATED
67,ARIN,whois.arin.net,https://rdap.arin.net/registryhttp://rdap.arin.net/registry,ALLOCATED
68,ARIN,whois.arin.net,https://rdap.arin.net/registryhttp://rdap.arin.net/registry,ALLOCATED
69,ARIN,whois.arin.net,https://rdap.arin.net/registryhttp://rdap.arin.net/registry,ALLOCATED
70,ARIN,whois.arin.net,https://rdap.arin.net/registryhttp://rdap.arin.net/registry,ALLOCATED
71,ARIN,whois.arin.net,https://rdap.arin.net/registryhttp://rdap.arin.net/registry,ALLOCATED
72,ARIN,whois.arin.net,https://rdap.arin.net/registryhttp://rdap.arin.net/registry,ALLOCATED
73,ARIN,whois.arin.net,https://rdap.arin.net/registryhttp://rdap.arin.net/registry,ALLOCATED
74,ARIN,whois.arin.net,https://rdap.arin.net/registryhttp://rdap.arin.net/registry,ALLOCATED
75,ARIN,whois.arin.net,https://rdap.arin.net/registryhttp://rdap.arin.net/registry,ALLOCATED
76,ARIN,whois.arin.net,https://rdap.arin.net/registryhttp://rdap.arin.net/registry,ALLOCATED
77,RIPE NCC,whois.ripe.net,https://rdap.db.ripe.net/,ALLOCATED
78,RIPE NCC,whois.ripe.net,https://rdap.db.ripe.net/,ALLOCATED
79,RIPE NCC,whois.ripe.net,https://rdap.db.ripe.net/,ALLOCATED
80,RIPE NCC,whois.ripe.net,https://rdap.db.ripe.net/,ALLOCATED
81,RIPE NCC,whois.ripe.net,https://rdap.db.ripe.net/,ALLOCATED
82,RIPE NCC,whois.ripe.net,https://rdap.db.ripe.net/,ALLOCATED
83,RIPE NCC,whois.ripe.net,https://rdap.db.ripe.net/,ALLOCATED
84,RIPE NCC,whois.ripe.net,https://rdap.db.ripe.net/,ALLOCATED
85,RIPE NCC,whois.ripe.net,https://rdap.db.ripe.net/,ALLOCATED
86,RIPE NCC,whois.ripe.net,https://rdap.db.ripe.net/,ALLOCATED
87,RIPE NCC,whois.ripe.net,https://rdap.db.ripe.net/,ALLOCATED
88,RIPE NCC,whois.ripe.net,https://rdap.db.ripe.net/,ALLOCATED
89,RIPE NCC,whois.ripe.net,https://rdap.db.ripe.net/,ALLOCATED
90,RIPE NCC,whois.ripe.net,https://rdap.db.ripe.net/,ALLOCATED
91,RIPE NCC,whois.ripe.net,https://rdap.db.ripe.net/,ALLOCATED
92,RIPE NCC,whois.ripe.net,https://rdap.db.ripe.net/,ALLOCATED
93,RIPE NCC,whois.ripe.net,https://rdap.db.ripe.net/,ALLOCATED
94,RIPE NCC,whois.ripe.net,https://rdap.db.ripe.net/,ALLOCATED
95,RIPE NCC,whois.ripe.net,https://rdap.db.ripe.net/,ALLOCATED
96,ARIN,whois.arin.net,https://rdap.arin.net/registryhttp://rdap.arin.net/registry,ALLOCATED
97,ARIN,whois.arin.net,https://rdap.arin.net/registryhttp://rdap.arin.net/registry,ALLOCATED
98,ARIN,whois.arin.net,https://rdap.arin.net/registryhttp://rdap.arin.net/registry,ALLOCATED
99,ARIN,whois.arin.net,https://rdap.arin.net/registryhttp://rdap.arin.net/registry,ALLOCATED
100,ARIN,whois.arin.net,https://rdap.arin.net/registryhttp://rdap.arin.net/registry,ALLOCATED
101,APNIC,whois.apnic.net,https://rdap.apnic.net/,ALLOCATED
102,AFRINIC,whois.afrinic.net,https://rdap.afrinic.net/rdap/http://rdap.afrinic.net/rdap/,ALLOCATED
103,APNIC,whois.apnic.net,https://rdap.apnic.net/,ALLOCATED
104,ARIN,whois.arin.net,https://rdap.arin.net/registryhttp://rdap.arin.net/registry,ALLOCATED
105,AFRINIC,whois.afrinic.net,https://rdap.afrinic.net/rdap/http://rdap.afrinic.net/rdap/,ALLOCATED
106,APNIC,whois.apnic.net,https://rdap.apnic.net/,ALLOCATED
107,ARIN,whois.arin.net,https://rdap.arin.net/registryhttp://rdap.arin.net/registry,ALLOCATED
108,ARIN,whois.arin.net,https://rdap.arin.net/registryhttp://rdap.arin.net/registry,ALLOCATED
109,RIPE NCC,whois.ripe.net,https://rdap.db.ripe.net/,ALLOCATED
110,APNIC,whois.apnic.net,https://rdap.apnic.net/,ALLOCATED
111,APNIC,whois.apnic.net,https://rdap.apnic.net/,ALLOCATED
112,APNIC,whois.apnic.net,https://rdap.apnic.net/,ALLOCATED
113,APNIC,whois.apnic.net,https://rdap.apnic.net/,ALLOCATED
114,APNIC,whois.apnic.net,https://rdap.apnic.net/,ALLOCATED
115,APNIC,whois.apnic.net,https://rdap.apnic.net/,ALLOCATED
116,APNIC,whois.apnic.net,https://rdap.apnic.net/,ALLOCATED
117,APNIC,whois.apnic.net,https://rdap.apnic.net/,ALLOCATED
118,APNIC,whois.apnic.net,https://rdap.apnic.net/,ALLOCATED
119,APNIC,whois.apnic.net,https://rdap.apnic.net/,ALLOCATED
120,APNIC,whois.apnic.net,https://rdap.apnic.net/,ALLOCATED
121,APNIC,whois.apnic.net,https://rdap.apnic.net/,ALLOCATED
122,APNIC,whois.apnic.net,https://rdap.apnic.net/,ALLOCATED
123,APNIC,whois.apnic.net,https://rdap.apnic.net/,ALLOCATED
124,APNIC,whois.apnic.net,https://rdap.apnic.net/,ALLOCATED
125,APNIC,whois.apnic.net,https://rdap.apnic.net/,ALLOCATED
126,APNIC,whois.apnic.net,https://rdap.apnic.net/,ALLOCATED
127,IANA - Loopback,,,RESERVED
128,ARIN,whois.arin.net,https://rdap.arin.net/registryhttp://rdap.arin.net/registry,LEGACY
129,ARIN,whois.arin.net,https://rdap.arin.net/registryhttp://rdap.arin.net/registry,LEGACY
130,ARIN,whois.arin.net,https://rdap.arin.net/registryhttp://rdap.arin.net/registry,LEGACY
131,ARIN,whois.arin.net,https://rdap.arin.net/registryhttp://rdap.arin.net/registry,LEGACY
132,ARIN,whois.arin.net,https://rdap.arin.net/registryhttp://rdap.arin.net/registry,LEGACY
133,APNIC,whois.apnic.net,https://rdap.apnic.net/,LEGACY
134,ARIN,whois.arin.net,https://rdap.arin.net/registryhttp://rdap.arin.net/registry,LEGACY
135,ARIN,whois.arin.net,https://rdap.arin.net/registryhttp://rdap.arin.net/registry,LEGACY
136,ARIN,whois.arin.net,https://rdap.arin.net/registryhttp://rdap.arin.net/registry,LEGACY
137,ARIN,whois.arin.net,https://rdap.arin.net/registryhttp://rdap.arin.net/registry,LEGACY
138,ARIN,whois.arin.net,https://rdap.arin.net/registryhttp://rdap.arin.net/registry,LEGACY
139,ARIN,whois.arin.net,https://rdap.arin.net/registryhttp://rdap.arin.net/registry,LEGACY
140,ARIN,whois.arin.net,https://rdap.arin.net/registryhttp://rdap.arin.net/registry,LEGACY
141,RIPE NCC,whois.ripe.net,https://rdap.db.ripe.net/,LEGACY
142,ARIN,whois.arin.net,https://rdap.arin.net/registryhttp://rdap.arin.net/registry,LEGACY
143,ARIN,whois.arin.net,https://rdap.arin.net/registryhttp://rdap.arin.net/registry,LEGACY
144,ARIN,whois.arin.net,https://rdap.arin.net/registryhttp://rdap.arin.net/registry,LEGACY
145,RIPE NCC,whois.ripe.net,https://rdap.db.ripe.net/,LEGACY
146,ARIN,whois.arin.net,https://rdap.arin.net/registryhttp://rdap.arin.net/registry,LEGACY
147,ARIN,whois.arin.net,https://rdap.arin.net/registryhttp://rdap.arin.net/registry,LEGACY
148,ARIN,whois.arin.net,https://rdap.arin.net/registryhttp://rdap.arin.net/registry,LEGACY
149,ARIN,whois.arin.net,https://rdap.arin.net/registryhttp://rdap.arin.net/registry,LEGACY
150,APNIC,whois.apnic.net,https://rdap.apnic.net/,LEGACY
151,RIPE NCC,whois.ripe.net,https://rdap.db.ripe.net/,LEGACY
152,ARIN,whois.arin.net,https://rdap.arin.net/registryhttp://rdap.arin.net/registry,LEGACY
153,APNIC,whois.apnic.net,https://rdap.apnic.net/,LEGACY
154,AFRINIC,whois.afrinic.net,https://rdap.afrinic.net/rdap/http://rdap.afrinic.net/rdap/,LEGACY
155,ARIN,whois.arin.net,https://rdap.arin.net/registryhttp://rdap.arin.net/registry,LEGACY
156,ARIN,whois.arin.net,https://rdap.arin.net/registryhttp://rdap.arin.net/registry,LEGACY
157,ARIN,whois.arin.net,https://rdap.arin.net/registryhttp://rdap.arin.net/registry,LEGACY
158,ARIN,whois.arin.net,https://rdap.arin.net/registryhttp://rdap.arin.net/registry,LEGACY
159,ARIN,whois.arin.net,https://rdap.arin.net/registryhttp://rdap.arin.net/registry,LEGACY
160,ARIN,whois.arin.net,https://rdap.arin.net/registryhttp://rdap.arin.net/registry,LEGACY
161,ARIN,whois.arin.net,https://rdap.arin.net/registryhttp://rdap.arin.net/registry,LEGACY
162,ARIN,whois.arin.net,https://rdap.arin.net/registryhttp://rdap.arin.net/registry,LEGACY
163,APNIC,whois.apnic.net,https://rdap.apnic.net/,LEGACY
164,ARIN,whois.arin.net,https://rdap.arin.net/registryhttp://rdap.arin.net/registry,LEGACY
165,ARIN,whois.arin.net,https://rdap.arin.net/registryhttp://rdap.arin.net/registry,LEGACY
166,ARIN,whois.arin.net,https://rdap.arin.net/registryhttp://rdap.arin.net/registry,LEGACY
167,ARIN,whois.arin.net,https://rdap.arin.net/registryhttp://rdap.arin.net/registry,LEGACY
168,ARIN,whois.arin.net,https://rdap.arin.net/registryhttp://rdap.arin.net/registry,LEGACY
169,ARIN,whois.arin.net,https://rdap.arin.net/registryhttp://rdap.arin.net/registry,LEGACY
170,ARIN,whois.arin.net,https://rdap.arin.net/registryhttp://rdap.arin.net/registry,LEGACY
171,APNIC,whois.apnic.net,https://rdap.apnic.net/,LEGACY
172,ARIN,whois.arin.net,https://rdap.arin.net/registryhttp://rdap.arin.net/registry,LEGACY
173,ARIN,whois.arin.net,https://rdap.arin.net/registryhttp://rdap.arin.net/registry,ALLOCATED
174,ARIN,whois.arin.net,https://rdap.arin.net/registryhttp://rdap.arin.net/registry,ALLOCATED
175,APNIC,whois.apnic.net,https://rdap.apnic.net/,ALLOCATED
176,RIPE NCC,whois.ripe.net,https://rdap.db.ripe.net/,ALLOCATED
177,LACNIC,whois.lacnic.net,https://rdap.lacnic.net/rdap/,ALLOCATED
178,RIPE NCC,whois.ripe.net,https://rdap.db.ripe.net/,ALLOCATED
179,LACNIC,whois.lacnic.net,https://rdap.lacnic.net/rdap/,ALLOCATED
180,APNIC,whois.apnic.net,https://rdap.apnic.net/,ALLOCATED
181,LACNIC,whois.lacnic.net,https://rdap.lacnic.net/rdap/,ALLOCATED
182,APNIC,whois.apnic.net,https://rdap.apnic.net/,ALLOCATED
183,APNIC,whois.apnic.net,https://rdap.apnic.net/,ALLOCATED
184,ARIN,whois.arin.net,https://rdap.arin.net/registryhttp://rdap.arin.net/registry,ALLOCATED
185,RIPE NCC,whois.ripe.net,https://rdap.db.ripe.net/,ALLOCATED
186,LACNIC,whois.lacnic.net,https://rdap.lacnic.net/rdap/,ALLOCATED
187,LACNIC,whois.lacnic.net,https://rdap.lacnic.net/rdap/,ALLOCATED
188,RIPE NCC,whois.ripe.net,https://rdap.db.ripe.net/,LEGACY
189,LACNIC,whois.lacnic.net,https://rdap.lacnic.net/rdap/,ALLOCATED
190,LACNIC,whois.lacnic.net,https://rdap.lacnic.net/rdap/,ALLOCATED
191,LACNIC,whois.lacnic.net,https://rdap.lacnic.net/rdap/,LEGACY
192,ARIN,whois.arin.net,https://rdap.arin.net/registryhttp://rdap.arin.net/registry,LEGACY
193,RIPE NCC,whois.ripe.net,https://rdap.db.ripe.net/,ALLOCATED
194,RIPE NCC,whois.ripe.net,https://rdap.db.ripe.net/,ALLOCATED
195,RIPE NCC,whois.ripe.net,https://rdap.db.ripe.net/,ALLOCATED
196,AFRINIC,whois.afrinic.net,https://rdap.afrinic.net/rdap/http://rdap.afrinic.net/rdap/,LEGACY
197,AFRINIC,whois.afrinic.net,https://rdap.afrinic.net/rdap/http://rdap.afrinic.net/rdap/,ALLOCATED
198,ARIN,whois.arin.net,https://rdap.arin.net/registryhttp://rdap.arin.net/registry,LEGACY
199,ARIN,whois.arin.net,https://rdap.arin.net/registryhttp://rdap.arin.net/registry,ALLOCATED
200,LACNIC,whois.lacnic.net,https://rdap.lacnic.net/rdap/,ALLOCATED
201,LACNIC,whois.lacnic.net,https://rdap.lacnic.net/rdap/,ALLOCATED
202,APNIC,whois.apnic.net,https://rdap.apnic.net/,ALLOCATED
203,APNIC,whois.apnic.net,https://rdap.apnic.net/,ALLOCATED
204,ARIN,whois.arin.net,https://rdap.arin.net/registryhttp://rdap.arin.net/registry,ALLOCATED
205,ARIN,whois.arin.net,https://rdap.arin.net/registryhttp://rdap.arin.net/registry,ALLOCATED
206,ARIN,whois.arin.net,https://rdap.arin.net/registryhttp://rdap.arin.net/registry,ALLOCATED
207,ARIN,whois.arin.net,https://rdap.arin.net/registryhttp://rdap.arin.net/registry,ALLOCATED
208,ARIN,whois.arin.net,https://rdap.arin.net/registryhttp://rdap.arin.net/registry,ALLOCATED
209,ARIN,whois.arin.net,https://rdap.arin.net/registryhttp://rdap.arin.net/registry,ALLOCATED
210,APNIC,whois.apnic.net,https://rdap.apnic.net/,ALLOCATED
211,APNIC,whois.apnic.net,https://rdap.apnic.net/,ALLOCATED
212,RIPE NCC,whois.ripe.net,https://rdap.db.ripe.net/,ALLOCATED
213,RIPE NCC,whois.ripe.net,https://rdap.db.ripe.net/,ALLOCATED
214,US-DOD,whois.arin.net,https://rdap.arin.net/registryhttp://rdap.arin.net/registry,LEGACY
215,US-DOD,whois.arin.net,https://rdap.arin.net/registryhttp://rdap.arin.net/registry,LEGACY
216,ARIN,whois.arin.net,https://rdap.arin.net/registryhttp://rdap.arin.net/registry,ALLOCATED
217,RIPE NCC,whois.ripe.net,https://rdap.db.ripe.net/,ALLOCATED
218,APNIC,whois.apnic.net,https://rdap.apnic.net/,ALLOCATED
219,APNIC,whois.apnic.net,https://rdap.apnic.net/,ALLOCATED
220,APNIC,whois.apnic.net,https://rdap.apnic.net/,ALLOCATED
221,APNIC,whois.apnic.net,https://rdap.apnic.net/,ALLOCATED
222,APNIC,whois.apnic.net,https://rdap.apnic.net/,ALLOCATED
223,APNIC,whois.apnic.net,https://rdap.apnic.net/,ALLOCATED
224,Multicast,,,RESERVED
225,Multicast,,,RESERVED
226,Multicast,,,RESERVED
227,Multicast,,,RESERVED
228,Multicast,,,RESERVED
229,Multicast,,,RESERVED
230,Multicast,,,RESERVED
231,Multicast,,,RESERVED
232,Multicast,,,RESERVED
233,Multicast,,,RESERVED
234,Multicast,,,RESERVED
235,Multicast,,,RESERVED
236,Multicast,,,RESERVED
237,Multicast,,,RESERVED
238,Multicast,,,RESERVED
239,Multicast,,,RESERVED
240,Future use,,,RESERVED
241,Future use,,,RESERVED
242,Future use,,,RESERVED
243,Future use,,,RESERVED
244,Future use,,,RESERVED
245,Future use,,,RESERVED
246,Future use,,,RESERVED
247,Future use,,,RESERVED
248,Future use,,,RESERVED
249,Future use,,,RESERVED
250,Future use,,,RESERVED
251,Future use,,,RESERVED
252,Future use,,,RESERVED
253,Future use,,,RESERVED
254,Future use,,,RESERVED
255,Future use,,,RESERVED